Name,,,,,,,,,,,,,,,,,,,,,,,,,,,,,,,,,,,,,
Watertank1,,,,,,,,,,,,,,,,,,,,,,,,,,,,,,,,,,,100,0.1,10
Watertank2,,,,,,,,,,,,,,,,,,,,,,,,,,,,,,,,,,,,,
Watertank3,,,,,,,,,,,,,,,,,,,,,,,,,,,,,,,,,,,,,
Watertank4,,,,,,,,,,,,,,,,,,,,,,,,,,,,,,,,,,,,,
Watertank5,,,,,,,,,,,,,,,,,,,,,,,,,,,,,,,,,,,,,
Watertank6,,,,,,,,,,,,,,,,,,,,,,,,,,,,,,,,,,,,,
Watertank7,,,,,,,,,,,,,,,,,,,,,,,,,,,,,,,,,,,,,
Watertank8,,,,,,,,,,,,,,,,,,,,,,,,,,,,,,,,,,,,,
Watertank9,,,,,,,,,,,,,,,,,,,,,,,,,,,,,,,,,,,,,
Watertank10,,,,,,,,,,,,,,,,,,,,,,,,,,,,,,,,,,,,,
Watertank11,,,,,,,,,,,,,,,,,,,,,,,,,,,,,,,,,,,,,
Watertank12,,,,,,,,,,,,,,,,,,,,,,,,,,,,,,,,,,,,,
Watertank13,,,,,,,,,,,,,,,,,,,,,,,,,,,,,,,,,,,,,
Watertank14,,,,,,,,,,,,,,,,,,,,,,,,,,,,,,,,,,,,,
Watertank15,,,,,,,,,,,,,,,,,,,,,,,,,,,,,,,,,,,,,
Watertank16,,,,,,,,,,,,,,,,,,,,,,,,,,,,,,,,,,,,,
Watertank17,,,,,,,,,,,,,,,,,,,,,,,,,,,,,,,,,,,,,
Watertank18,,,,,,,,,,,,,,,,,,,,,,,,,,,,,,,,,,,,,
Watertank19,,,,,,,,,,,,,,,,,,,,,,,,,,,,,,,,,,,,,
Watertank20,,,,,,,,,,,,,,,,,,,,,,,,,,,,,,,,,,,,,
Watertank21,,,,,,,,,,,,,,,,,,,,,,,,,,,,,,,,,,,,,
Watertank22,,,,,,,,,,,,,,,,,,,,,,,,,,,,,,,,,,,,,
Watertank23,,,,,,,,,,,,,,,,,,,,,,,,,,,,,,,,,,,,,
Watertank24,,,,,,,,,,,,,,,,,,,,,,,,,,,,,,,,,,,,,
Watertank25,,,,,,,,,,,,,,,,,,,,,,,,,,,,,,,,,,,,,
Watertank26,,,,,,,,,,,,,,,,,,,,,,,,,,,,,,,,,,,,,
Watertank27,,,,,,,,,,,,,,,,,,,,,,,,,,,,,,,,,,,,,
Watertank28,,,,,,,,,,,,,,,,,,,,,,,,,,,,,,,,,,,,,
Watertank29,,,,,,,,,,,,,,,,,,,,,,,,,,,,,,,,,,,,,
Watertank30,,,,,,,,,,,,,,,,,,,,,,,,,,,,,,,,,,,,,
Watertank31,,,,,,,,,,,,,,,,,,,,,,,,,,,,,,,,,,,,,
Watertank32,,,,,,,,,,,,,,,,,,,,,,,,,,,,,,,,,,,,,
Watertank33,,,,,,,,,,,,,,,,,,,,,,,,,,,,,,,,,,,,,
Watertank34,,,,,,,,,,,,,,,,,,,,,,,,,,,,,,,,,,,,,
Watertank35,,,,,,,,,,,,,,,,,,,,,,,,,,,,,,,,,,,,,
Watertank36,,,,,,,,,,,,,,,,,,,,,,,,,,,,,,,,,,,,,
Watertank37,,,,,,,,,,,,,,,,,,,,,,,,,,,,,,,,,,,,,
Watertank38,,,,,,,,,,,,,,,,,,,,,,,,,,,,,,,,,,,,,
Watertank39,,,,,,,,,,,,,,,,,,,,,,,,,,,,,,,,,,,,,
Watertank40,,,,,,,,,,,,,,,,,,,,,,,,,,,,,,,,,,,,,
Watertank41,,,,,,,,,,,,,,,,,,,,,,,,,,,,,,,,,,,,,
Watertank42,,,,,,,,,,,,,,,,,,,,,,,,,,,,,,,,,,,,,
Watertank43,,,,,,,,,,,,,,,,,,,,,,,,,,,,,,,,,,,,,
Watertank44,,,,,,,,,,,,,,,,,,,,,,,,,,,,,,,,,,,,,
Watertank45,,,,,,,,,,,,,,,,,,,,,,,,,,,,,,,,,,,,,
Watertank46,,,,,,,,,,,,,,,,,,,,,,,,,,,,,,,,,,,,,
Watertank47,,,,,,,,,,,,,,,,,,,,,,,,,,,,,,,,,,,,,
Watertank48,,,,,,,,,,,,,,,,,,,,,,,,,,,,,,,,,,,,,
Watertank49,,,,,,,,,,,,,,,,,,,,,,,,,,,,,,,,,,,,,
Watertank50,,,,,,,,,,,,,,,,,,,,,,,,,,,,,,,,,,,,,
