Name,train_init,train_speed,,,,,,,,,,,,,,,,,,,,,,,,,,,,,,,,,,,
Train1,0,1,,,,,,,,,,,,,,,,,,,,,,,,,,,,,,,,,100,0.1,10
Train2,0,1,,,,,,,,,,,,,,,,,,,,,,,,,,,,,,,,,,,
Train3,0,1,,,,,,,,,,,,,,,,,,,,,,,,,,,,,,,,,,,
Train4,0,1,,,,,,,,,,,,,,,,,,,,,,,,,,,,,,,,,,,
Train5,0,1,,,,,,,,,,,,,,,,,,,,,,,,,,,,,,,,,,,
Train6,0,1,,,,,,,,,,,,,,,,,,,,,,,,,,,,,,,,,,,
Train7,0,1,,,,,,,,,,,,,,,,,,,,,,,,,,,,,,,,,,,
Train8,0,1,,,,,,,,,,,,,,,,,,,,,,,,,,,,,,,,,,,
Train9,0,1,,,,,,,,,,,,,,,,,,,,,,,,,,,,,,,,,,,
Train10,0,1,,,,,,,,,,,,,,,,,,,,,,,,,,,,,,,,,,,
Train11,0,1,,,,,,,,,,,,,,,,,,,,,,,,,,,,,,,,,,,
Train12,0,1,,,,,,,,,,,,,,,,,,,,,,,,,,,,,,,,,,,
Train13,0,1,,,,,,,,,,,,,,,,,,,,,,,,,,,,,,,,,,,
Train14,0,1,,,,,,,,,,,,,,,,,,,,,,,,,,,,,,,,,,,
Train15,0,1,,,,,,,,,,,,,,,,,,,,,,,,,,,,,,,,,,,
Train16,0,1,,,,,,,,,,,,,,,,,,,,,,,,,,,,,,,,,,,
Train17,0,1,,,,,,,,,,,,,,,,,,,,,,,,,,,,,,,,,,,
Train18,0,1,,,,,,,,,,,,,,,,,,,,,,,,,,,,,,,,,,,
Train19,0,1,,,,,,,,,,,,,,,,,,,,,,,,,,,,,,,,,,,
Train20,0,1,,,,,,,,,,,,,,,,,,,,,,,,,,,,,,,,,,,
Train21,0,1,,,,,,,,,,,,,,,,,,,,,,,,,,,,,,,,,,,
Train22,0,1,,,,,,,,,,,,,,,,,,,,,,,,,,,,,,,,,,,
Train23,0,1,,,,,,,,,,,,,,,,,,,,,,,,,,,,,,,,,,,
Train24,0,1,,,,,,,,,,,,,,,,,,,,,,,,,,,,,,,,,,,
Train25,0,1,,,,,,,,,,,,,,,,,,,,,,,,,,,,,,,,,,,
Train26,0,1,,,,,,,,,,,,,,,,,,,,,,,,,,,,,,,,,,,
Train27,0,1,,,,,,,,,,,,,,,,,,,,,,,,,,,,,,,,,,,
Train28,0,1,,,,,,,,,,,,,,,,,,,,,,,,,,,,,,,,,,,
Train29,0,1,,,,,,,,,,,,,,,,,,,,,,,,,,,,,,,,,,,
Train30,0,1,,,,,,,,,,,,,,,,,,,,,,,,,,,,,,,,,,,
